North_America,Europe,Rest_of_the_world
0.01392116124971040,0.043842444675674900,0.042260825618640500